{"epoch":99,"train/loss":2.764242112636566,"train/recon_loss":0.4742318242788315,"train/kl_loss":2.2900102734565735,"_timestamp":1.740897191355175e+09,"_wandb":{"runtime":18300},"_runtime":18288.741199,"_step":99}