{"_timestamp":1.7410162949625258e+09,"_runtime":378.819447,"_step":29,"epoch":29,"train/loss":0.48448970913887024,"train/recon_loss":0.4749893248081207,"_wandb":{"runtime":385},"train/kl_loss":0.00950037594884634}