{"_wandb":{"runtime":400},"epoch":29,"train/loss":0.37311047315597534,"train/recon_loss":0.3410266637802124,"train/kl_loss":3.208381175994873,"_timestamp":1.741024889382933e+09,"_runtime":392.962183,"_step":29}