{"_timestamp":1.7417056606547e+09,"_runtime":643.777163,"_step":9,"epoch":9,"train/loss":0.8619639277458191,"train/recon_loss":0.8530591428279877,"train/kl_loss":0.08904785290360451,"_wandb":{"runtime":659}}