{"train/loss":641.3092651367188,"train/recon_loss":0.5011837482452393,"train/kl_loss":128.16162109375,"_timestamp":1.740877438853328e+09,"_wandb":{"runtime":178},"_runtime":172.866559,"_step":14,"epoch":14}